0,1,2,3,4,5,6
2018-11-19-20-28-02_mix,365.009822845459,486.34986877441406,787.5197410583496,768.9839935302734,0.9966795444488525,1.0
2018-11-19-20-49-25_mix,370.5373191833496,264.603271484375,781.8875312805176,537.2547149658203,0.9527838230133057,1.0
2018-11-19-20-49-25_mix,357.7101516723633,525.9409332275391,786.1176681518555,794.7728729248047,0.9220885038375854,1.0
2018-11-19-20-46-22_mix,97.49417781829834,508.71131896972656,545.8982276916504,783.9009857177734,0.9946268200874329,1.0
2018-11-19-20-34-00_mix,356.5415954589844,239.77615356445312,786.2602615356445,512.2350311279297,0.9785497784614563,1.0
2018-11-19-21-00-11_mix,492.3438835144043,233.15452575683594,761.4590263366699,687.9293060302734,0.9690507054328918,1.0
2018-11-19-20-31-06_mix,123.10624122619629,504.9457550048828,566.6305160522461,793.6536407470703,0.9953129291534424,1.0
2018-11-19-21-18-09_mix,114.9631404876709,770.9010314941406,529.0581893920898,1037.0620727539062,0.9826601147651672,1.0
2018-11-19-21-02-59_mix,495.5515480041504,222.7845573425293,785.4061317443848,674.754638671875,0.9967141151428223,1.0
2018-11-19-20-52-35_mix,457.3019599914551,212.62102127075195,738.8018989562988,643.1931304931641,0.947393000125885,1.0
2018-11-19-20-52-35_mix,53.182668685913086,485.74546813964844,478.189172744751,762.9172515869141,0.9332262873649597,1.0
2018-11-19-20-28-30_mix,357.33524322509766,486.6917419433594,788.1401824951172,764.8701477050781,0.9961296319961548,1.0
2018-11-19-20-54-21_mix,323.78007888793945,187.08438873291016,765.241756439209,454.75086212158203,0.8632007241249084,1.0
2018-11-19-20-54-21_mix,340.33287048339844,446.78688049316406,785.2488327026367,730.2861022949219,0.6632174849510193,1.0
2018-11-19-21-24-57_mix,112.79209613800049,517.8474807739258,562.1570205688477,792.5390625,0.9935234785079956,1.0
2018-11-19-21-23-41_mix,358.0979061126709,525.9755325317383,779.1855239868164,789.0641784667969,0.7834078073501587,1.0
2018-11-19-21-23-41_mix,352.17384338378906,257.17235565185547,781.7636489868164,532.2736740112305,0.5701780915260315,1.0
2018-11-19-20-37-12_mix,126.7425012588501,599.4948577880859,425.331974029541,1060.3780364990234,0.9982158541679382,1.0
2018-11-19-20-58-12_mix,350.99876403808594,767.6512908935547,782.6634979248047,1038.1317901611328,0.9504278302192688,1.0
2018-11-19-20-58-12_mix,342.9762554168701,487.89852142333984,765.2538299560547,773.8810729980469,0.8022014498710632,1.0
2018-11-19-21-02-35_mix,110.42881965637207,520.7186889648438,557.2002410888672,796.273193359375,0.9976187348365784,1.0
2018-11-19-20-53-30_mix,61.44794940948486,250.68716049194336,339.53773498535156,697.4423980712891,0.949354887008667,1.0
2018-11-19-20-53-30_mix,341.3224983215332,767.7482604980469,777.8587532043457,1041.4300537109375,0.9075112342834473,1.0
2018-11-19-20-42-37_mix,84.2603588104248,225.55780410766602,526.7083740234375,510.5134582519531,0.9500265121459961,1.0
2018-11-19-20-42-37_mix,80.74008464813232,510.78155517578125,521.2997817993164,786.4639282226562,0.9107270240783691,1.0
2018-11-19-20-26-45_mix,506.37067794799805,228.6065673828125,793.3548545837402,675.1263427734375,0.9989672899246216,1.0
2018-11-19-20-58-10_mix,342.47222900390625,478.4803771972656,762.3314666748047,761.9988250732422,0.9731020927429199,1.0
2018-11-19-20-58-10_mix,345.20633697509766,756.0870361328125,782.5324630737305,1028.6520385742188,0.8863723278045654,1.0
2018-11-19-20-42-15_mix,364.40746307373047,501.8333435058594,798.043327331543,785.751953125,0.9965337514877319,1.0
2018-11-19-21-11-01_mix,347.14868545532227,755.0708770751953,803.060359954834,1049.170913696289,0.9896566867828369,1.0
2018-11-19-21-11-01_mix,364.2988586425781,239.0890884399414,784.0531539916992,524.9534225463867,0.947624921798706,1.0
2018-11-19-21-16-43_mix,348.14592361450195,232.17437744140625,775.1015281677246,526.9279479980469,0.9875456690788269,1.0
2018-11-19-20-47-02_mix,106.03908061981201,232.25969314575195,394.11083221435547,672.8681182861328,0.9926775693893433,1.0
2018-11-19-20-47-02_mix,346.7145252227783,535.0245666503906,800.8013534545898,802.8758239746094,0.5066208839416504,1.0
2018-11-19-21-21-09_mix,115.45217514038086,527.8335571289062,521.3198661804199,804.7401428222656,0.9704487919807434,1.0
2018-11-19-21-21-09_mix,94.55301761627197,272.9598617553711,512.3879814147949,536.7685317993164,0.6255428194999695,1.0
2018-11-19-20-54-45_mix,58.81081581115723,237.9131317138672,347.6744270324707,688.1248474121094,0.9938175082206726,1.0
2018-11-19-20-54-45_mix,346.65075302124023,458.4577178955078,785.6330680847168,740.4652404785156,0.9653658270835876,1.0
2018-11-19-20-51-50_mix,319.4266605377197,515.3654861450195,757.2461700439453,782.4302673339844,0.9756469130516052,1.0
2018-11-19-20-53-04_mix,483.5639762878418,604.4727325439453,767.0889472961426,1030.105209350586,0.9871804118156433,1.0
2018-11-19-20-53-04_mix,319.83238220214844,237.34920501708984,729.5829391479492,516.9032669067383,0.8588494062423706,1.0
2018-11-19-21-15-51_mix,340.4834175109863,241.13155364990234,776.9804191589355,538.7188339233398,0.9849543571472168,1.0
2018-11-19-21-18-51_mix,344.62594985961914,523.4585571289062,779.3710899353027,791.944580078125,0.7426662445068359,1.0
2018-11-19-21-18-51_mix,349.1059112548828,246.0332489013672,775.3825378417969,519.9787139892578,0.7131228446960449,1.0
2018-11-19-20-55-44_mix,84.95946407318115,215.78468322753906,348.3556938171387,648.3835601806641,0.9859230518341064,1.0
2018-11-19-20-26-33_mix,110.80827713012695,228.41203689575195,542.7242660522461,509.98435974121094,0.9982900023460388,1.0
2018-11-19-20-26-33_mix,107.05085277557373,727.5061798095703,542.1738052368164,1016.2662506103516,0.8779913187026978,1.0
2018-11-19-21-20-18_mix,369.8309898376465,760.5266571044922,767.3259544372559,1036.4900970458984,0.9946730732917786,1.0
2018-11-19-21-01-58_mix,356.67016983032227,765.1155853271484,782.3660087585449,1032.4079132080078,0.9947984218597412,1.0
2018-11-19-21-01-58_mix,117.89178371429443,258.6475372314453,558.1407165527344,532.5898742675781,0.9094899892807007,1.0
2018-11-19-21-26-32_mix,118.42713832855225,518.8964080810547,532.3114585876465,788.9066314697266,0.7367432713508606,1.0
2018-11-19-21-17-16_mix,99.04372215270996,250.55450439453125,398.9623546600342,704.7662353515625,0.99617600440979,1.0
2018-11-19-20-39-18_mix,88.45972537994385,233.33812713623047,522.4263954162598,519.7317123413086,0.9855911731719971,1.0
2018-11-19-20-39-18_mix,79.53618049621582,520.2062225341797,519.9089813232422,807.3467254638672,0.9196826219558716,1.0
2018-11-19-20-39-18_mix,508.0463218688965,238.71370315551758,796.4177513122559,678.2044219970703,0.69004887342453,1.0
2018-11-19-20-56-14_mix,78.77449035644531,513.9307403564453,514.7364807128906,786.6547393798828,0.9871095418930054,1.0
2018-11-19-20-56-14_mix,80.75662136077881,247.61608123779297,517.8754234313965,513.511848449707,0.9667990803718567,1.0
2018-11-19-20-56-14_mix,86.53464317321777,783.6065673828125,525.3900146484375,1036.3198852539062,0.8236421346664429,1.0
2018-11-19-21-10-54_mix,346.94000244140625,740.7904815673828,800.3949737548828,1035.4068756103516,0.987371563911438,1.0
2018-11-19-21-10-54_mix,363.7118625640869,225.96649169921875,787.5609970092773,509.47715759277344,0.9054897427558899,1.0
2018-11-19-20-47-56_mix,91.72579765319824,581.3840484619141,380.9029197692871,1041.6216278076172,0.9906802773475647,1.0
2018-11-19-20-47-56_mix,368.60944747924805,514.0824890136719,813.9312171936035,798.7382507324219,0.9526784420013428,1.0
2018-11-19-20-31-57_mix,122.37961292266846,500.64823150634766,566.3206100463867,794.9275207519531,0.9961541295051575,1.0
2018-11-19-20-43-56_mix,360.73373794555664,771.3176727294922,790.4101753234863,1052.579574584961,0.9972012042999268,1.0
2018-11-19-20-43-56_mix,100.79795837402344,249.47330474853516,519.645938873291,527.3235702514648,0.9929373860359192,1.0
2018-11-19-20-43-56_mix,89.74524021148682,604.0585327148438,366.74760818481445,1037.5485229492188,0.9432020783424377,1.0
2018-11-19-20-54-26_mix,327.1787166595459,457.3527145385742,789.909782409668,741.7784118652344,0.5947337746620178,1.0
2018-11-19-20-54-26_mix,322.672061920166,200.9328842163086,765.5981254577637,465.93578338623047,0.560932457447052,1.0
2018-11-19-21-13-49_mix,98.55224132537842,511.6474914550781,527.3416328430176,785.3054809570312,0.9887191653251648,1.0
2018-11-19-21-13-49_mix,110.8498477935791,256.3006019592285,509.9922180175781,511.4727020263672,0.8211163282394409,1.0
2018-11-19-21-15-48_mix,341.1785888671875,248.20194244384766,771.2506484985352,542.4624252319336,0.9906043410301208,1.0
2018-11-19-21-20-42_mix,118.87689113616943,524.0153503417969,533.1840133666992,793.7754821777344,0.9809947609901428,1.0
2018-11-19-21-20-42_mix,90.67899227142334,252.94500350952148,524.234790802002,525.8223724365234,0.507792055606842,1.0
2018-11-19-21-01-34_mix,325.2151679992676,519.9571228027344,773.4979820251465,800.87890625,0.9964247345924377,1.0
2018-11-19-20-39-29_mix,80.1989221572876,521.0628509521484,516.5596389770508,807.0908355712891,0.970467209815979,1.0
2018-11-19-20-39-29_mix,90.32230854034424,230.6886863708496,523.1001663208008,523.1473541259766,0.9465981721878052,1.0
2018-11-19-21-18-23_mix,496.2246322631836,593.3340454101562,769.3695831298828,1025.9257507324219,0.9957244396209717,1.0
2018-11-19-21-01-46_mix,102.0805835723877,237.37838745117188,395.94202995300293,678.6515808105469,0.9984275102615356,1.0
2018-11-19-21-01-46_mix,363.5105895996094,765.8409881591797,780.5988693237305,1033.0974578857422,0.9938921928405762,1.0
2018-11-19-21-10-59_mix,350.8271026611328,737.2210693359375,788.7387084960938,1019.1841125488281,0.9795423746109009,1.0
2018-11-19-21-10-59_mix,372.2930717468262,247.2988510131836,770.0108528137207,514.1729354858398,0.9635547995567322,1.0
2018-11-19-20-01-23_mix,323.3407974243164,770.8052062988281,782.6576614379883,1055.4058837890625,0.9686578512191772,1.0
2018-11-19-20-01-23_mix,327.5782585144043,496.3408660888672,776.5809059143066,772.6307678222656,0.9385848045349121,1.0
2018-11-19-21-18-12_mix,113.32345962524414,775.0018310546875,530.5990219116211,1044.2596435546875,0.9870395064353943,1.0
2018-11-19-20-48-19_mix,375.9956359863281,512.8867340087891,799.7107315063477,794.4055938720703,0.9961126446723938,1.0
2018-11-19-20-30-35_mix,364.2126274108887,237.04168319702148,790.0346946716309,525.0383758544922,0.9958920478820801,1.0
2018-11-19-20-30-35_mix,370.3165626525879,732.7537536621094,810.7699012756348,1006.8734741210938,0.9946706891059875,1.0
2018-11-19-20-35-08_mix,121.83548927307129,756.7346954345703,579.5642852783203,1031.5569305419922,0.9959113597869873,1.0
2018-11-19-20-35-08_mix,505.9867858886719,239.99004364013672,789.0284729003906,680.9239196777344,0.9934400916099548,1.0
2018-11-19-21-13-55_mix,90.93918800354004,520.811882019043,524.2579650878906,798.6773681640625,0.9913989305496216,1.0
2018-11-19-20-51-25_mix,308.0332374572754,220.0255584716797,746.363353729248,505.99708557128906,0.9896299242973328,1.0
2018-11-19-21-09-31_mix,352.09842681884766,251.6986846923828,780.5021667480469,527.2370147705078,0.978024959564209,1.0
2018-11-19-21-09-31_mix,350.2044868469238,783.7131500244141,785.903263092041,1053.1673431396484,0.7435387969017029,1.0
2018-11-19-21-17-39_mix,110.77265739440918,529.1822814941406,517.9579925537109,794.0882873535156,0.9774545431137085,1.0
2018-11-19-21-02-23_mix,105.63840866088867,243.33145141601562,555.5427932739258,526.7874145507812,0.9962474703788757,1.0
2018-11-19-21-02-23_mix,110.09848594665527,528.2703399658203,551.3144302368164,795.2666473388672,0.9930042624473572,1.0
2018-11-19-21-09-28_mix,356.4672660827637,256.2644958496094,773.873462677002,528.0554962158203,0.988953709602356,1.0
2018-11-19-20-43-45_mix,347.7545356750488,511.90635681152344,797.6364326477051,783.8423919677734,0.9891290068626404,1.0
2018-11-19-20-43-45_mix,102.4777364730835,251.87177658081055,511.6135025024414,523.7586212158203,0.5017604827880859,1.0
2018-11-19-20-52-12_mix,317.0939254760742,741.5992736816406,754.1015625,1016.7889404296875,0.9923088550567627,1.0
2018-11-19-20-52-12_mix,74.04494762420654,231.67617797851562,482.1023368835449,499.73716735839844,0.9718608260154724,1.0
2018-11-19-21-15-24_mix,494.9242401123047,590.7112121582031,779.2950439453125,1040.4042053222656,0.9944688081741333,1.0
2018-11-19-21-15-24_mix,108.79002571105957,252.1973419189453,527.3480987548828,548.1124114990234,0.992304265499115,1.0
2018-11-19-20-54-43_mix,67.00831890106201,247.26402282714844,348.7273979187012,687.5815582275391,0.9969899654388428,1.0
2018-11-19-20-29-49_mix,119.58463668823242,752.5299835205078,557.9636192321777,1036.3794708251953,0.9767532348632812,1.0
2018-11-19-20-36-12_mix,367.09399223327637,509.48516845703125,795.5271148681641,771.5542602539062,0.8538159132003784,1.0
2018-11-19-20-36-12_mix,362.87893295288086,241.25808715820312,789.7861289978027,515.7173156738281,0.5604574680328369,1.0
2018-11-19-21-23-00_mix,76.91265106201172,239.44561004638672,526.8478202819824,535.457649230957,0.9898859262466431,1.0
2018-11-19-21-21-07_mix,113.03453922271729,520.0775909423828,521.184024810791,792.9689788818359,0.9676717519760132,1.0
2018-11-19-21-21-07_mix,90.90139389038086,255.51929473876953,513.764476776123,528.3683395385742,0.8540681600570679,1.0
2018-11-19-21-09-34_mix,354.1051483154297,243.55688095092773,788.5901641845703,523.0641937255859,0.9392042756080627,1.0
2018-11-19-21-14-48_mix,479.0167808532715,219.56060409545898,796.7206764221191,677.4262237548828,0.9924071431159973,1.0
2018-11-19-21-14-48_mix,95.87533950805664,769.6408843994141,550.1866722106934,1063.700942993164,0.9679568409919739,1.0
2018-11-19-21-14-48_mix,95.25283813476562,239.27379608154297,491.8098449707031,510.1301956176758,0.5477256774902344,1.0
2018-11-19-20-53-16_mix,318.8012981414795,218.42395782470703,743.4781265258789,504.85286712646484,0.9788545370101929,1.0
2018-11-19-20-53-16_mix,344.9546813964844,756.2555694580078,777.6493835449219,1031.9335174560547,0.9585398435592651,1.0
2018-11-19-20-29-31_mix,114.51693534851074,509.46815490722656,529.8106384277344,781.3549041748047,0.9874832630157471,1.0
2018-11-19-20-29-31_mix,119.86122608184814,782.8701782226562,560.6478309631348,1047.5004577636719,0.9356964826583862,1.0
2018-11-19-20-45-18_mix,85.68666458129883,230.8489990234375,525.5867385864258,515.2970123291016,0.9973015189170837,1.0
2018-11-19-20-45-18_mix,95.9738302230835,518.2692718505859,545.6244277954102,789.0767669677734,0.9799156188964844,1.0
2018-11-19-21-23-27_mix,357.2940444946289,516.5188598632812,776.7739105224609,777.9403686523438,0.8067102432250977,1.0
2018-11-19-21-23-27_mix,366.6504764556885,771.1147308349609,779.8435592651367,1031.360855102539,0.5574538111686707,1.0
2018-11-19-20-33-37_mix,529.4926071166992,559.6640014648438,803.1447601318359,1005.5851745605469,0.9925501346588135,1.0
2018-11-19-20-33-37_mix,360.9323215484619,252.97359466552734,774.9057769775391,539.2403030395508,0.7611659169197083,1.0
2018-11-19-20-41-32_mix,368.3177947998047,236.06895446777344,807.0699691772461,511.47926330566406,0.9931239485740662,1.0
2018-11-19-20-54-24_mix,323.54272842407227,208.0583953857422,754.0405082702637,462.3512268066406,0.9690723419189453,1.0
2018-11-19-20-46-54_mix,105.06083965301514,220.6505584716797,392.222957611084,664.7860717773438,0.993496298789978,1.0
2018-11-19-20-46-54_mix,356.87307357788086,519.7518920898438,801.0820198059082,794.8966979980469,0.8696465492248535,1.0
2018-11-19-20-00-24_mix,359.19751167297363,251.87870025634766,796.0425567626953,536.009407043457,0.9869726300239563,1.0
2018-11-19-20-00-24_mix,339.8862648010254,532.208251953125,788.5386085510254,820.3376770019531,0.9777366518974304,1.0
2018-11-19-20-57-34_mix,350.92397689819336,752.7030944824219,782.1572685241699,1026.4295959472656,0.9737681150436401,1.0
2018-11-19-20-57-34_mix,329.53697204589844,474.59510803222656,761.7724227905273,755.8254241943359,0.8853427171707153,1.0
2018-11-19-21-10-56_mix,347.5239372253418,741.1150360107422,803.2119941711426,1035.9334564208984,0.9910123348236084,1.0
2018-11-19-21-10-56_mix,364.48665618896484,226.73030853271484,785.0566864013672,509.92061614990234,0.9230942726135254,1.0
2018-11-19-20-34-21_mix,372.1175193786621,479.74464416503906,800.7011604309082,749.1584777832031,0.9984627962112427,1.0
2018-11-19-20-56-59_mix,471.1776924133301,208.4918975830078,761.9803047180176,643.9090728759766,0.9957506656646729,1.0
2018-11-19-20-56-02_mix,85.28891086578369,229.1008186340332,349.8966407775879,662.4302673339844,0.9988844990730286,1.0
2018-11-19-21-15-43_mix,340.0572681427002,245.88695526123047,765.0829696655273,532.091178894043,0.994196891784668,1.0
2018-11-19-20-43-33_mix,81.88430786132812,227.90176391601562,358.6369228363037,656.7196655273438,0.9974982142448425,1.0
2018-11-19-20-39-41_mix,78.51370811462402,520.9125137329102,518.6434936523438,808.3045959472656,0.996350884437561,1.0
2018-11-19-21-19-40_mix,340.7254886627197,514.0444183349609,769.0827941894531,775.9728240966797,0.9541270732879639,1.0
2018-11-19-21-15-13_mix,103.47797870635986,511.0582733154297,534.0134239196777,788.8149261474609,0.9918200969696045,1.0
2018-11-19-21-02-10_mix,350.0310230255127,762.9383087158203,781.8355178833008,1033.1832122802734,0.9950432777404785,1.0
2018-11-19-21-02-10_mix,114.76658821105957,258.95957946777344,562.2893142700195,532.2303009033203,0.9834022521972656,1.0
2018-11-19-21-01-22_mix,329.7550964355469,514.4220733642578,774.3079376220703,798.5390472412109,0.9913638830184937,1.0
2018-11-19-21-01-22_mix,339.4826030731201,226.80335998535156,767.7912139892578,513.1446838378906,0.9632476568222046,1.0
2018-11-19-21-03-13_mix,496.6251754760742,228.80046844482422,787.5305557250977,685.8119201660156,0.9978954792022705,1.0
2018-11-19-21-24-33_mix,352.6154136657715,505.2997589111328,770.5029487609863,777.9697418212891,0.9954388737678528,1.0
2018-11-19-21-24-33_mix,113.24149131774902,259.3959045410156,546.0620498657227,516.8414306640625,0.7823032736778259,1.0
2018-11-19-21-12-38_mix,370.8189010620117,244.79780197143555,772.7944564819336,513.7139892578125,0.9562699198722839,1.0
2018-11-19-21-12-38_mix,89.58749771118164,259.4710350036621,383.68417739868164,689.4133758544922,0.9373635649681091,1.0
2018-11-19-21-17-28_mix,256.42733573913574,507.59437561035156,745.4653930664062,784.1005706787109,0.9753060340881348,1.0
2018-11-19-20-30-24_mix,366.9448471069336,241.7013931274414,788.1842422485352,522.9131698608398,0.9965998530387878,1.0
2018-11-19-20-30-24_mix,377.2537422180176,731.0643005371094,809.2971611022949,1006.5704345703125,0.9926037192344666,1.0
2018-11-19-21-20-30_mix,115.38235187530518,523.6790084838867,525.9313774108887,790.69091796875,0.9922471046447754,1.0
2018-11-19-21-20-30_mix,91.8568754196167,256.8828582763672,515.4481315612793,527.2258758544922,0.6522032022476196,1.0
2018-11-19-20-44-01_mix,356.8731880187988,786.0490417480469,798.7598991394043,1070.9382629394531,0.9980247020721436,1.0
2018-11-19-20-44-01_mix,94.64273929595947,250.0562286376953,522.4072265625,534.1532897949219,0.990390419960022,1.0
2018-11-19-20-44-01_mix,83.38942050933838,615.1126098632812,363.70079040527344,1056.9871520996094,0.9611022472381592,1.0
2018-11-19-20-52-53_mix,324.8858070373535,236.5414810180664,730.0177574157715,516.486930847168,0.9191867709159851,1.0
2018-11-19-20-52-53_mix,58.364925384521484,736.1475372314453,489.7061347961426,1027.956771850586,0.8487676382064819,1.0
2018-11-19-20-30-54_mix,373.74486923217773,728.8756561279297,807.8254508972168,1003.7599945068359,0.9913985729217529,1.0
2018-11-19-20-59-47_mix,98.24674129486084,516.8552780151367,538.9222526550293,791.7378234863281,0.9960477948188782,1.0
2018-11-19-20-59-04_mix,302.98659324645996,459.99427795410156,760.6975936889648,743.3274078369141,0.9516111016273499,1.0
2018-11-19-20-59-04_mix,336.9964027404785,742.2042083740234,774.4525337219238,1030.6121063232422,0.7795261740684509,1.0
2018-11-19-20-57-22_mix,327.01663970947266,225.7088851928711,759.5194244384766,510.0282669067383,0.9863100051879883,1.0
2018-11-19-20-57-22_mix,352.9215717315674,753.6728668212891,781.3720321655273,1027.9228973388672,0.9770984649658203,1.0
2018-11-19-20-53-27_mix,56.049556732177734,237.7327537536621,340.7044315338135,684.808349609375,0.9585838913917542,1.0
2018-11-19-20-53-27_mix,345.5303478240967,758.2467651367188,778.3680725097656,1031.0542297363281,0.9465622901916504,1.0
2018-11-19-21-23-12_mix,123.58441829681396,539.1446685791016,546.9585227966309,797.0584869384766,0.9906216859817505,1.0
2018-11-19-20-39-51_mix,499.7372817993164,614.51416015625,785.5490112304688,1057.9983520507812,0.9964587092399597,1.0
2018-11-19-20-39-51_mix,69.66934204101562,762.8480529785156,494.64460372924805,1036.0885620117188,0.9860751032829285,1.0
2018-11-19-20-39-51_mix,371.5040874481201,249.93976593017578,791.0167694091797,525.6829452514648,0.9841269850730896,1.0
2018-11-19-21-03-06_mix,497.4714660644531,235.23441314697266,783.8952255249023,685.7197570800781,0.9958374500274658,1.0
2018-11-19-20-30-12_mix,374.8322868347168,475.3959655761719,797.8524971008301,760.1922607421875,0.9946987628936768,1.0
2018-11-19-20-49-55_mix,367.12297439575195,256.8220520019531,790.8094596862793,536.7165374755859,0.9914103150367737,1.0
2018-11-19-20-49-55_mix,360.4076385498047,531.016731262207,788.2814025878906,801.4715576171875,0.9649171829223633,1.0
2018-11-19-20-45-30_mix,97.03818798065186,512.2097778320312,546.0481452941895,788.6613464355469,0.9961569905281067,1.0
2018-11-19-20-35-29_mix,519.2756652832031,562.9086303710938,800.4301071166992,1011.1921691894531,0.9975760579109192,1.0
2018-11-19-21-15-02_mix,481.40716552734375,239.20543670654297,781.5863800048828,673.9404296875,0.9955325126647949,1.0
2018-11-19-21-15-02_mix,105.33549785614014,516.6784286499023,524.978084564209,793.7016296386719,0.689295768737793,1.0
2018-11-19-21-21-15_mix,101.47109985351562,525.9288024902344,522.8459930419922,807.5865173339844,0.9541997909545898,1.0
2018-11-19-21-21-15_mix,75.49459934234619,250.36571502685547,517.1657752990723,532.823600769043,0.9392868876457214,1.0
2018-11-19-21-12-49_mix,364.3953037261963,245.32459259033203,768.8898468017578,515.3217697143555,0.9926289319992065,1.0
2018-11-19-21-12-49_mix,89.98805522918701,258.79404067993164,382.8628921508789,687.2613525390625,0.9813880920410156,1.0
2018-11-19-21-14-51_mix,480.72046279907227,220.21656036376953,797.658634185791,677.8219604492188,0.9902259707450867,1.0
2018-11-19-21-14-51_mix,94.90731239318848,770.9317016601562,552.0763778686523,1064.4842529296875,0.9379838109016418,1.0
2018-11-19-21-13-00_mix,88.90387058258057,257.22551345825195,380.961856842041,689.5448303222656,0.9973669648170471,1.0
2018-11-19-21-18-35_mix,379.6596622467041,769.2483520507812,773.0770111083984,1029.9658203125,0.7800725102424622,1.0
2018-11-19-21-18-35_mix,361.86309814453125,241.36566162109375,766.8637847900391,514.7805023193359,0.7240306735038757,1.0
2018-11-19-20-47-04_mix,99.94178295135498,223.19265365600586,384.09324645996094,667.8113555908203,0.9867780208587646,1.0
2018-11-19-20-47-04_mix,362.69871711730957,544.1752624511719,806.0554504394531,810.8955383300781,0.7884750366210938,1.0
2018-11-19-21-16-46_mix,350.23595809936523,230.1213836669922,776.8366813659668,525.4097747802734,0.9895839095115662,1.0
2018-11-19-20-34-57_mix,124.76743698120117,485.2839660644531,559.009895324707,762.2550201416016,0.9978750944137573,1.0
2018-11-19-20-34-57_mix,123.72645378112793,764.5986938476562,578.1674194335938,1030.7148742675781,0.9882150888442993,1.0
2018-11-19-21-11-41_mix,64.87907409667969,572.874755859375,367.63970375061035,1039.0499877929688,0.9788016080856323,1.0
2018-11-19-21-11-41_mix,350.5007743835449,716.6277313232422,779.380931854248,1031.3594818115234,0.6143787503242493,1.0
2018-11-19-20-31-45_mix,121.01517677307129,503.23780059814453,566.8390274047852,793.7271118164062,0.9969689249992371,1.0
2018-11-19-20-36-33_mix,360.3406620025635,237.65316009521484,786.6517639160156,519.5003128051758,0.9947308301925659,1.0
2018-11-19-20-48-07_mix,110.67479610443115,221.97519302368164,398.1141471862793,647.4576568603516,0.9985822439193726,1.0
2018-11-19-21-24-45_mix,111.1657190322876,521.9611740112305,558.1139373779297,789.8696899414062,0.994583785533905,1.0
2018-11-19-21-24-45_mix,101.5526533126831,242.8006362915039,544.4070053100586,521.9599533081055,0.9917510151863098,1.0
2018-11-19-21-20-15_mix,366.30226135253906,749.1838836669922,766.9635772705078,1025.9679412841797,0.9967556595802307,1.0
2018-11-19-20-55-55_mix,82.68094539642334,220.0060272216797,349.6881866455078,650.3865051269531,0.9986384510993958,1.0
2018-11-19-21-03-26_mix,503.17222595214844,598.40087890625,786.1833572387695,1040.8946228027344,0.9873226284980774,1.0
2018-11-19-20-00-17_mix,359.98912811279297,259.1661071777344,788.3746719360352,538.7371063232422,0.9902605414390564,1.0
2018-11-19-20-00-17_mix,340.08047103881836,534.3545532226562,780.7630348205566,818.2966613769531,0.9713620543479919,1.0
2018-11-19-20-42-26_mix,83.43007564544678,226.17610931396484,537.4944877624512,507.1895217895508,0.9941638112068176,1.0
2018-11-19-20-42-26_mix,82.70763874053955,506.6509246826172,524.201774597168,785.0266265869141,0.5664383769035339,1.0
2018-11-19-20-51-36_mix,56.36107921600342,216.70509338378906,355.79017639160156,656.7404937744141,0.9972953200340271,1.0
2018-11-19-21-19-10_mix,346.6747856140137,522.1083068847656,770.665340423584,789.4218444824219,0.9902053475379944,1.0
2018-11-19-20-37-05_mix,128.48589420318604,597.8063201904297,422.7953910827637,1050.2249908447266,0.9989019632339478,1.0
2018-11-19-21-18-49_mix,345.1597595214844,522.4076843261719,770.7928848266602,793.8478088378906,0.7847223281860352,1.0
2018-11-19-21-18-49_mix,352.0466995239258,251.62322998046875,764.7565841674805,521.5721130371094,0.6880353689193726,1.0
2018-11-19-20-46-34_mix,360.047607421875,262.87649154663086,802.5005722045898,539.7089385986328,0.9974945783615112,1.0
2018-11-19-20-53-40_mix,46.69950485229492,233.5755729675293,331.19444847106934,695.6078338623047,0.9579423069953918,1.0
2018-11-19-20-53-40_mix,335.97604751586914,774.6704864501953,792.2286415100098,1058.1763458251953,0.9243575930595398,1.0
2018-11-19-20-53-40_mix,315.9645652770996,481.20147705078125,774.2307472229004,778.0641174316406,0.7930047512054443,1.0
2018-11-19-21-11-07_mix,341.72475814819336,756.0362243652344,800.3286552429199,1049.2546081542969,0.9928131699562073,1.0
2018-11-19-21-11-07_mix,367.16217041015625,238.75654220581055,783.8279342651367,524.7830200195312,0.9131757616996765,1.0
2018-11-19-21-11-07_mix,72.5864839553833,251.3592529296875,373.58922958374023,675.4433441162109,0.7009345889091492,1.0
2018-11-19-20-54-40_mix,75.86640357971191,257.3322296142578,350.4624652862549,687.3647308349609,0.9972609281539917,1.0
2018-11-19-20-50-08_mix,357.334041595459,517.9215621948242,788.9006996154785,802.7854919433594,0.9971727132797241,1.0
2018-11-19-20-58-27_mix,337.1949577331543,773.0421447753906,797.6849555969238,1053.8790893554688,0.9670734405517578,1.0
2018-11-19-20-58-27_mix,332.7779960632324,480.74493408203125,778.4055519104004,778.4645843505859,0.622429609298706,1.0
2018-11-19-20-45-50_mix,96.3026762008667,510.92445373535156,550.0115203857422,785.7642364501953,0.9966524243354797,1.0
2018-11-19-20-53-32_mix,56.633219718933105,240.40164947509766,334.33244705200195,704.7979736328125,0.9832959771156311,1.0
2018-11-19-20-53-32_mix,336.7390251159668,773.2920074462891,785.9829139709473,1047.6168060302734,0.825779139995575,1.0
2018-11-19-20-53-32_mix,325.16736030578613,486.22032165527344,768.211669921875,775.4144287109375,0.6218352317810059,1.0
2018-11-19-21-17-50_mix,112.0860242843628,529.7328948974609,527.1546363830566,797.0455169677734,0.953467607498169,1.0
2018-11-19-20-43-58_mix,359.04052734375,783.3550262451172,791.4307022094727,1064.306869506836,0.9977561831474304,1.0
2018-11-19-20-43-58_mix,103.5174036026001,259.53887939453125,520.6871795654297,537.4998474121094,0.9900830388069153,1.0
2018-11-19-21-18-46_mix,357.2764205932617,240.5071258544922,766.5878677368164,510.70465087890625,0.9621115326881409,1.0
2018-11-19-20-34-45_mix,127.21226692199707,494.2738342285156,557.5949478149414,763.2480621337891,0.9954555034637451,1.0
2018-11-19-20-34-45_mix,123.53460788726807,765.8029174804688,577.8642654418945,1031.4445495605469,0.9841018319129944,1.0
2018-11-19-21-21-12_mix,108.56316089630127,527.8786468505859,522.6639747619629,805.5384063720703,0.9757301807403564,1.0
2018-11-19-21-25-09_mix,121.61906719207764,738.3078002929688,556.786994934082,1022.8825378417969,0.9970642924308777,1.0
2018-11-19-21-25-09_mix,499.7637748718262,253.26478958129883,786.3262367248535,688.6080932617188,0.8009210824966431,1.0
2018-11-19-20-58-20_mix,343.3356285095215,770.5326843261719,790.7586479187012,1044.7172546386719,0.9520424604415894,1.0
2018-11-19-20-58-20_mix,334.0825080871582,483.43334197998047,771.2230110168457,776.6707611083984,0.7263121604919434,1.0
2018-11-19-20-59-23_mix,333.1500720977783,736.6104125976562,760.9633255004883,1019.005126953125,0.9955329895019531,1.0
2018-11-19-20-59-23_mix,100.70962429046631,261.551513671875,515.276927947998,538.1663513183594,0.9373134970664978,1.0
2018-11-19-21-12-27_mix,281.3687324523926,718.8010406494141,765.3000068664551,1009.6231842041016,0.9706401228904724,1.0
2018-11-19-21-12-27_mix,375.5508613586426,246.1928939819336,771.0852241516113,515.7890701293945,0.9453223347663879,1.0
2018-11-19-21-12-27_mix,89.61114406585693,259.72063064575195,381.8799018859863,693.8394927978516,0.9132254719734192,1.0
2018-11-19-20-28-53_mix,376.2557315826416,738.3229827880859,803.8181304931641,1010.5786895751953,0.995101273059845,1.0
2018-11-19-20-28-53_mix,134.17370796203613,278.40015411376953,544.489631652832,529.0298843383789,0.5571091175079346,1.0
2018-11-19-20-28-42_mix,105.85654735565186,249.66022491455078,388.3177185058594,699.2839050292969,0.9981484413146973,1.0
2018-11-19-20-28-42_mix,375.64395904541016,739.8104095458984,801.7776489257812,1010.3839874267578,0.9919847846031189,1.0
2018-11-19-20-01-36_mix,331.28454208374023,502.4951934814453,767.1502876281738,778.3199310302734,0.9874997735023499,1.0
2018-11-19-20-41-55_mix,354.55238342285156,502.2724151611328,801.8293762207031,784.8177337646484,0.9935142993927002,1.0
2018-11-19-20-41-55_mix,77.10599899291992,593.0601119995117,347.5732898712158,1036.7057800292969,0.9027075171470642,1.0
2018-11-19-20-55-32_mix,303.1072425842285,203.9427375793457,745.2754783630371,498.8768768310547,0.9943045973777771,1.0
2018-11-19-20-55-32_mix,62.17204570770264,619.1737365722656,345.7752799987793,1066.2495422363281,0.7172580361366272,1.0
2018-11-19-21-23-39_mix,354.5585632324219,768.8070678710938,778.5251998901367,1028.8491821289062,0.7811289429664612,1.0
2018-11-19-20-27-04_mix,523.2941436767578,559.241943359375,805.7787322998047,1007.4444580078125,0.9969261288642883,1.0
2018-11-19-21-16-57_mix,341.81739807128906,246.47701263427734,765.2768325805664,534.4089126586914,0.9945194125175476,1.0
2018-11-19-21-16-57_mix,331.4404106140137,775.6219482421875,775.0272560119629,1037.5898742675781,0.7873381972312927,1.0
2018-11-19-21-11-04_mix,347.25746154785156,753.6521148681641,793.1976699829102,1040.746078491211,0.9914030432701111,1.0
2018-11-19-21-11-04_mix,374.46035385131836,248.2242202758789,776.4353370666504,527.6285934448242,0.9564175009727478,1.0
2018-11-19-21-11-04_mix,82.3666763305664,261.23111724853516,374.94154930114746,674.4065856933594,0.942797839641571,1.0
2018-11-19-20-54-19_mix,326.6667079925537,187.1857452392578,765.3869247436523,451.3336181640625,0.8948136568069458,1.0
2018-11-19-20-54-19_mix,345.4405403137207,447.6268005371094,785.464038848877,731.2956237792969,0.8352500796318054,1.0
2018-11-19-20-48-31_mix,97.45689868927002,232.24102020263672,533.9435005187988,513.7472915649414,0.9948127269744873,1.0
2018-11-19-20-48-31_mix,97.62246608734131,762.2198486328125,534.5342445373535,1027.5321960449219,0.7104799151420593,1.0
2018-11-19-20-48-31_mix,519.6378707885742,257.8677749633789,794.1796875,700.3665161132812,0.5573672652244568,1.0
2018-11-19-21-19-03_mix,341.1302947998047,513.2225036621094,769.6642684936523,779.3119812011719,0.9094036817550659,1.0
2018-11-19-21-19-03_mix,348.6550712585449,240.3924560546875,763.9035987854004,512.3696136474609,0.8827461004257202,1.0
2018-11-19-21-15-45_mix,339.1026306152344,257.7435111999512,765.4270935058594,542.4174499511719,0.9939789772033691,1.0
2018-11-19-20-52-23_mix,58.73002052307129,216.59202575683594,478.0631160736084,492.52227783203125,0.9905475974082947,1.0
2018-11-19-20-40-09_mix,501.4607620239258,612.1273803710938,784.6501922607422,1058.3598327636719,0.998381495475769,1.0
2018-11-19-20-40-09_mix,371.5075492858887,251.0187530517578,791.1843681335449,525.4636383056641,0.9855140447616577,1.0
2018-11-19-21-02-47_mix,112.90636539459229,513.5092163085938,554.2635726928711,788.8188171386719,0.9956509470939636,1.0
2018-11-19-20-36-45_mix,122.86834716796875,248.05505752563477,414.9738121032715,704.8220825195312,0.9958599209785461,1.0
2018-11-19-20-59-35_mix,98.51221561431885,531.8692779541016,528.7771797180176,790.2451324462891,0.9901701807975769,1.0
2018-11-19-20-59-35_mix,85.12051105499268,246.87349319458008,517.9892921447754,532.1027374267578,0.9900016784667969,1.0
2018-11-19-20-34-33_mix,129.70467567443848,606.0392379760742,400.4568386077881,1040.31494140625,0.9979763627052307,1.0
2018-11-19-20-34-33_mix,127.26651191711426,263.3354187011719,546.7943572998047,576.0795593261719,0.9376319050788879,1.0
2018-11-19-20-25-04_mix,88.16295146942139,491.03515625,559.2419815063477,788.7862396240234,0.9907540082931519,1.0
2018-11-19-20-54-38_mix,75.22127151489258,246.715087890625,348.67773056030273,678.1884765625,0.9975252747535706,1.0
2018-11-19-20-48-43_mix,96.52181625366211,232.94134140014648,534.5981597900391,514.0471649169922,0.9954213500022888,1.0
2018-11-19-20-48-43_mix,101.85120105743408,510.96614837646484,546.3658905029297,763.8510131835938,0.960035502910614,1.0
2018-11-19-20-48-43_mix,96.18892192840576,763.1012725830078,535.195140838623,1026.8144989013672,0.8474348187446594,1.0
2018-11-19-21-25-31_mix,500.5101013183594,596.9578552246094,791.7140579223633,1025.7786560058594,0.9969351291656494,1.0
2018-11-19-20-47-07_mix,93.70290756225586,211.61870956420898,385.6797409057617,678.01025390625,0.9905635118484497,1.0
2018-11-19-20-47-07_mix,355.0657653808594,530.2946472167969,812.0116424560547,811.4138793945312,0.9766180515289307,1.0
2018-11-19-20-01-48_mix,342.05766677856445,250.2802276611328,782.6950263977051,533.8750457763672,0.9939396381378174,1.0
2018-11-19-20-29-04_mix,374.29447174072266,736.3392639160156,804.4477844238281,1008.7173461914062,0.9966008067131042,1.0
2018-11-19-20-29-04_mix,133.99226188659668,270.0273132324219,551.1673736572266,513.6247253417969,0.8461184501647949,1.0
2018-11-19-20-52-01_mix,317.89695739746094,505.75843811035156,756.273193359375,768.5842895507812,0.9728873372077942,1.0
2018-11-19-20-36-57_mix,130.58345317840576,589.2928314208984,423.2216262817383,1039.7570037841797,0.9979288578033447,1.0
2018-11-19-21-13-57_mix,81.39650344848633,519.521484375,527.0944976806641,805.438232421875,0.9901993870735168,1.0
2018-11-19-20-29-23_mix,116.17084980010986,495.5195999145508,529.0529251098633,768.0821228027344,0.9914132356643677,1.0
2018-11-19-20-29-23_mix,118.7382173538208,770.9109497070312,559.9186134338379,1036.180419921875,0.8086995482444763,1.0
2018-11-19-20-00-31_mix,335.19195556640625,532.7113342285156,797.2225570678711,828.9537048339844,0.9864122867584229,1.0
2018-11-19-20-00-31_mix,358.24596405029297,244.35373306274414,803.4820175170898,532.0079040527344,0.98213791847229,1.0
2018-11-19-21-23-57_mix,342.8383255004883,239.7235107421875,797.0928955078125,526.5206146240234,0.6499093174934387,1.0
2018-11-19-20-51-47_mix,317.04769134521484,506.1040496826172,757.7650451660156,773.1330108642578,0.9632930159568787,1.0
2018-11-19-20-51-47_mix,75.0149917602539,233.80908966064453,501.2004089355469,505.8137893676758,0.7218706607818604,1.0
2018-11-19-20-43-22_mix,336.19397163391113,243.00708770751953,790.8388137817383,529.5228958129883,0.9959428906440735,1.0
2018-11-19-21-00-13_mix,494.17957305908203,244.28640365600586,761.9943237304688,706.0480499267578,0.9830762147903442,1.0
2018-11-19-21-00-13_mix,513.9657783508301,530.7003784179688,769.8855400085449,978.6209106445312,0.5155222415924072,1.0
2018-11-19-20-42-54_mix,84.71240043640137,506.654052734375,524.94873046875,785.5233764648438,0.9940153956413269,1.0
2018-11-19-20-42-54_mix,515.7721138000488,601.8210220336914,789.4675254821777,1049.2349243164062,0.5333097577095032,1.0
2018-11-19-21-20-55_mix,115.09371757507324,516.9306945800781,531.141357421875,787.3817443847656,0.8610430955886841,1.0
2018-11-19-21-20-55_mix,90.00640869140625,251.80030822753906,507.1643257141113,526.5312957763672,0.5770689845085144,1.0
2018-11-19-20-59-59_mix,110.87380886077881,767.6280212402344,549.6981239318848,1027.4620056152344,0.9907197952270508,1.0
2018-11-19-20-59-59_mix,490.49543380737305,229.7896957397461,761.2815284729004,707.1549987792969,0.9686704874038696,1.0
2018-11-19-21-23-49_mix,347.54688262939453,522.2394180297852,790.0291442871094,789.7295379638672,0.634211540222168,1.0
2018-11-19-21-23-49_mix,340.39761543273926,782.0114135742188,787.2367858886719,1048.9483642578125,0.5022067427635193,1.0
2018-11-19-21-24-09_mix,356.93281173706055,514.661865234375,773.785343170166,783.2157897949219,0.932857871055603,1.0
2018-11-19-21-24-09_mix,353.1753158569336,247.60337829589844,778.8949584960938,517.6712799072266,0.7144725322723389,1.0
2018-11-19-20-57-10_mix,494.71435546875,577.2879028320312,777.8823852539062,1027.4223327636719,0.9975103139877319,1.0
2018-11-19-20-57-10_mix,324.19567108154297,239.67275619506836,742.2556686401367,521.8769836425781,0.606876015663147,1.0
2018-11-19-21-13-52_mix,98.54963779449463,523.9768218994141,525.3469848632812,796.9416046142578,0.9907830953598022,1.0
2018-11-19-20-33-49_mix,348.77431869506836,239.58251953125,786.3042640686035,515.6501007080078,0.9898629188537598,1.0
2018-11-19-20-33-49_mix,377.55334854125977,745.3330993652344,815.3769493103027,1011.0601806640625,0.7113197445869446,1.0
2018-11-19-20-49-04_mix,105.40632247924805,492.77862548828125,541.9295310974121,764.7986602783203,0.9942716360092163,1.0
2018-11-19-20-32-08_mix,124.22577381134033,754.0046691894531,560.4184913635254,1032.7581787109375,0.9963175058364868,1.0
2018-11-19-20-32-08_mix,357.77000427246094,249.97812271118164,777.0349502563477,532.3226928710938,0.9817885756492615,1.0
2018-11-19-21-24-21_mix,358.0546760559082,511.84814453125,770.2388191223145,777.720947265625,0.9852654337882996,1.0
2018-11-19-21-24-21_mix,353.40065002441406,245.1462173461914,777.334098815918,509.57096099853516,0.9498037695884705,1.0
2018-11-19-21-09-26_mix,358.94914627075195,246.4339828491211,770.6607627868652,513.4948348999023,0.9530755877494812,1.0
2018-11-19-20-56-33_mix,82.15282917022705,246.60884857177734,522.4825859069824,534.7925186157227,0.9959392547607422,1.0
2018-11-19-20-56-33_mix,495.6365203857422,601.6079711914062,781.3104629516602,1026.3969421386719,0.7846054434776306,1.0
2018-11-19-20-25-07_mix,87.5800609588623,501.82125091552734,553.1484603881836,801.1113739013672,0.9922049641609192,1.0
2018-11-19-21-00-25_mix,507.3018264770508,590.621223449707,779.1363143920898,1032.6194763183594,0.9977612495422363,1.0
2018-11-19-21-00-25_mix,339.7269630432129,240.41183471679688,756.1380958557129,512.9978179931641,0.7017930150032043,1.0
2018-11-19-20-30-01_mix,513.2281494140625,572.4739074707031,801.0155868530273,1003.6671447753906,0.9976303577423096,1.0
2018-11-19-20-41-43_mix,358.48188400268555,236.30626678466797,807.0830726623535,512.2848892211914,0.9884114861488342,1.0
2018-11-19-20-41-43_mix,77.11069107055664,590.6196594238281,347.7542495727539,1035.90087890625,0.9280362725257874,1.0
2018-11-19-20-41-43_mix,353.4964942932129,513.1058883666992,802.708797454834,785.2613830566406,0.79703289270401,1.0
